ramq_id,id,google_place_name,address,locality,country,administrative_area_level_1,administrative_area_level_2,international_phone_number,fax_number,type,website,latitude,longitude,added_time,place_type,is_fax_enabled
0077X,ChIJc_hfxn6tIE0Rz6wItmfvifM,Hôpital en santé mentale et CLSC de Malartic,"1141 Rue Royale, Malartic, QC J0Y 1Z0, Canada",Malartic,CA,QC,J0Y 1Z0,+1 819-825-5858,,hospital,https://www.sante.gouv.qc.ca/en/repertoire-ressources/ressource/?nofiche=954,48.14122889999999,-78.1286676,1745790598,hospital,0
0150X,ChIJ8_e2nZGSIE0RQHTMxFaGFwk,Hôpital d’Amos,"622 4e Rue O, Amos, QC J9T 2S2, Canada",Amos,CA,QC,J9T 2S2,+1 819-732-3341,,hospital,http://www.sante.gouv.qc.ca/en/repertoire-ressources/ressource/?nofiche=1208,48.5747602,-78.1254891,1745790598,hospital,0
0152X,ChIJA0oPPnh5IU0R6oY1vw_EGAY,Centre Hospitalier De La Sarre,"679 2e Rue E, La Sarre, QC J9Z 2X7, Canada",La Sarre,CA,QC,J9Z 2X7,+1 819-333-2311,,hospital,http://www.sante.gouv.qc.ca/en/repertoire-ressources/ressource/?nofiche=699,48.7864561,-79.198577,1745790598,hospital,0
0153X,ChIJF41xFJozIU0R751OraSgjMc,Hospital of Rouyn-Noranda - Juteau-Lemay Building,"4 9e Rue, Rouyn-Noranda, QC J9X 2B2, Canada",Rouyn-Noranda,CA,QC,J9X 2B2,+1 819-764-5131,,hospital,https://www.cisss-at.gouv.qc.ca/,48.2435816,-79.0194841,1745790598,hospital,0
0154X,ChIJZxWIxxFT30wR3OYQ6a73BHU,Hôpital de Val-d’Or,"725 6e Rue, Val-d'Or, QC J9P 3Y1, Canada",Val-d'Or,CA,QC,J9P 3Y1,+1 819-825-5858,,hospital,http://www.cisss-at.gouv.qc.ca/,48.0966532,-77.7964539,1745790598,hospital,0
0155X,ChIJK40IRaJBJk0RFifVvlYtO9s,Centre de Santé et de services sociaux du Lac-Témiscamingue,"22 Rue Notre Dame N, Ville-Marie, QC J9V 1W8, Canada",Ville-Marie,CA,QC,J9V 1W8,+1 819-629-2420,,hospital,https://www.cisss-at.gouv.qc.ca/,47.33327469999999,-79.44437010000001,1745790598,hospital,0
0460X,ChIJz7wEMWNzIU0RkDFq_Z-RSZk,Clsc,"169 7e Avenue E, Macamic, QC J0Z 2S0, Canada",Macamic,CA,QC,J0Z 2S0,+1 819-782-4661,,hospital,,48.7531887,-78.9836365,1745790598,hospital,0
0782X,ChIJG9BybJIW30wRPg2udXmJYmQ,Centre de santé de Senneterre,"961 Rue de la Clinique, Senneterre, QC J0Y 2M0, Canada",Senneterre,CA,QC,J0Y 2M0,+1 819-825-5858,,hospital,http://www.cisss-at.gouv.qc.ca/,48.3845597,-77.2529078,1745790598,hospital,0
0817X,ChIJeVHjVGlvKE0RClSEYMXjQiU,Info-Sante Clsc-Cs,"Temiscaming, QC J0Z 3R0, Canada",Temiscaming,CA,QC,J0Z 3R0,,,hospital,,46.718235,-79.10011999999999,1745790598,hospital,0
10115,ChIJRYnrMgAzIU0RgjTZQP2PuNk,Maison des aînés et alternative de Rouyn-Noranda (2022),"1155 Rue Perreault E, Rouyn-Noranda, QC J9X 0G8, Canada",Rouyn-Noranda,CA,QC,J9X 0G8,+1 873-475-0168,,pharmacy,,48.238421,-78.98974199999999,1745790598,pharmacy,0
10815,ChIJGwan-xp5IU0RG6dJ6F0NaFg,CHSLD,"22 1e Avenue East, La Sarre, QC J9Z 1C4, Canada",La Sarre,CA,QC,J9Z 1C4,+1 819-333-5525,,hospital,,48.810184,-79.203558,1745790598,hospital,0
10923,ChIJAQUmThtT30wRuXaB7nwmdjE,Centre jeunesse de l'Abitibi-Témiscamingue,"700 Bd Forest, Val-d'Or, QC J9P 2L3, Canada",Val-d'Or,CA,QC,J9P 2L3,+1 819-825-0002,,clinic,,48.0980776,-77.7886558,1745790598,clinic,0
10933,ChIJmZlgfpCSIE0RVFvdGV_BiHA,Clair Foyer Inc,"841 3e Rue O, Amos, QC J9T 2T4, Canada",Amos,CA,QC,J9T 2T4,+1 819-732-6511,,hospital,,48.57726009999999,-78.1249801,1745790598,hospital,0
11045,ChIJhXPDAn-tIE0R6MfmAuivcJQ,Centre d'hébergement de Malartic,"987 Rue des Pins, Malartic, QC J0Y 1Z0, Canada",Malartic,CA,QC,J0Y 1Z0,+1 819-825-5858,,hospital,,48.141509,-78.128411,1745790598,hospital,0
11515,ChIJ_TF6bAszIU0Rhxdnzv3otk0,CHSLD Pie-XII,"512 Av. Richard, Rouyn-Noranda, QC J9X 4M1, Canada",Rouyn-Noranda,CA,QC,J9X 4M1,+1 819-762-0908,,hospital,,48.2286639,-79.01563329999999,1745790598,hospital,0
12395,ChIJNciuj4uSIE0RDsg7d4h-UZA,CLSC/CHSLD Les Eskers - CLSC De L'Elan,"632 1re Rue O, Amos, QC J9T 2N2, Canada",Amos,CA,QC,J9T 2N2,+1 819-732-3271,,hospital,http://www.cisss-at.gouv.qc.ca/,48.5737767,-78.1180385,1745790598,hospital,0
12415,ChIJLb80xg1T30wRJA6BY4Ly6eE,Centre d'hébergement de Val-d'Or,"1212 Av. Brébeuf, Val-d'Or, QC J9P 2C9, Canada",Val-d'Or,CA,QC,J9P 2C9,+1 819-825-5858,,hospital,,48.1018506,-77.7986511,1745790598,hospital,0
12425,ChIJxcjLBGZlIU0RKRjNQ3CPtQg,CLSC Palmarolle,"124 Rue Principale, Palmarolle, QC J0Z 3C0, Canada",Palmarolle,CA,QC,J0Z 3C0,+1 819-787-2216,,hospital,http://www.sante.gouv.qc.ca/repertoire-ressources/ressource/?nofiche=471732,48.6635934,-79.1998285,1745790598,hospital,0
14933,ChIJuRgL6nIzIU0Ruq9e0oKICvk,Centre De Readaptation La Maison,"100 Chemin Dr Lemay, Rouyn-Noranda, QC J9X 5T2, Canada",Rouyn-Noranda,CA,QC,J9X 5T2,+1 819-762-6592,,hospital,https://sante.gouv.qc.ca/repertoire-ressources/ressource/?nofiche=198&ch_type=&bt_rechType=&theme=autres-ressources&ch_choixReg=&ch_rayon=0&ch_code=&page=310,48.2253979,-79.02105949999999,1745790598,hospital,0
15185,ChIJi-eoKwhBJk0RtpxvFiy2xqY,Pavillon Duhamel,"37 SAINT-JEAN-BAPTIST RUE, Ville-Marie, QC J9V 2A9, Canada",Ville-Marie,CA,QC,J9V 2A9,+1 819-629-3027,,hospital,,47.3272317,-79.43785629999999,1745790598,hospital,0
15943,ChIJVcJU5JGSIE0R5UhTfd3fVtA,Centre Normand,"621 Rue de l'Harricana, Amos, QC J9T 2P9, Canada",Amos,CA,QC,J9T 2P9,+1 819-732-8241,,hospital,,48.574533,-78.123442,1745790598,hospital,0
18513,ChIJxfGxFZozIU0RqDMvuhj8JI4,CLSC,"1 9e Rue, Rouyn-Noranda, QC J9X 2A9, Canada",Rouyn-Noranda,CA,QC,J9X 2A9,+1 819-762-8144,,hospital,https://www.cisss-at.gouv.qc.ca/nos-installations/,48.24334989999999,-79.0209175,1745790598,hospital,0
18563,ChIJi8jXPjlT30wRPM-9lC1o4yg,CLSC de Val-d'Or,"725 6e Rue, Val-d'Or, QC J9P 3Y1, Canada",Val-d'Or,CA,QC,J9P 3Y1,+1 819-825-5858,,hospital,https://www.cisss-at.gouv.qc.ca/nos-installatio,48.09591169999999,-77.7966024,1745790598,hospital,0
19485,ChIJ16qdFBFT30wRK9OSIIT4VPM,735 6e Rue,"735 6e Rue, Val-d'Or, QC J9P 3Y1, Canada",Val-d'Or,CA,QC,J9P 3Y1,,,pharmacy,,48.0958801,-77.7981868,1745790598,pharmacy,0
19495,ChIJmZlgfpCSIE0RVFvdGV_BiHA,Clair Foyer Inc,"841 3e Rue O, Amos, QC J9T 2T4, Canada",Amos,CA,QC,J9T 2T4,+1 819-732-6511,,hospital,,48.57726009999999,-78.1249801,1745790598,hospital,0
19565,ChIJAQDAbpGSIE0RoejMW6E6ONU,Les Sources,"641 4e Rue O, Amos, QC J9T 2S1, Canada",Amos,CA,QC,J9T 2S1,+1 819-732-0581,,hospital,http://carrefoursantelessources.com/,48.5749068,-78.12689499999999,1745790598,hospital,0
19893,ChIJfQEamAxT30wRTCvC5kEGOr0,Centre De Réadaptation La Maison,"975 Rue Germain, Val-d'Or, QC J9P 7H7, Canada",Val-d'Or,CA,QC,J9P 7H7,+1 819-825-3337,,hospital,https://sante.gouv.qc.ca/repertoire-ressources/ressource/?nofiche=198&ch_type=&bt_rechType=&theme=autres-ressources&ch_choixReg=&ch_rayon=0&ch_code=&page=310,48.10190559999999,-77.8015571,1745790598,hospital,0
19995,ChIJEwFLKQBT30wRBiHFjopfvn4,Maison des aînés et alternative de Val-d'Or,"1030 Av. des Érables, Val-d'Or, QC J9P 0R5, Canada",Val-d'Or,CA,QC,J9P 0R5,+1 873-476-0150,,hospital,,48.09472419999999,-77.797958,1745790598,hospital,0
41500,ChIJ8_e2nZGSIE0RQHTMxFaGFwk,Hôpital d’Amos,"622 4e Rue O, Amos, QC J9T 2S2, Canada",Amos,CA,QC,J9T 2S2,+1 819-732-3341,,hospital,http://www.sante.gouv.qc.ca/en/repertoire-ressources/ressource/?nofiche=1208,48.5747602,-78.1254891,1745790598,hospital,0
41506,ChIJ8_e2nZGSIE0RQHTMxFaGFwk,Hôpital d’Amos,"622 4e Rue O, Amos, QC J9T 2S2, Canada",Amos,CA,QC,J9T 2S2,+1 819-732-3341,,hospital,http://www.sante.gouv.qc.ca/en/repertoire-ressources/ressource/?nofiche=1208,48.5747602,-78.1254891,1745790598,hospital,0
41520,ChIJA0oPPnh5IU0R6oY1vw_EGAY,Centre Hospitalier De La Sarre,"679 2e Rue E, La Sarre, QC J9Z 2X7, Canada",La Sarre,CA,QC,J9Z 2X7,+1 819-333-2311,,hospital,http://www.sante.gouv.qc.ca/en/repertoire-ressources/ressource/?nofiche=699,48.7864561,-79.198577,1745790598,hospital,0
41530,ChIJF41xFJozIU0R751OraSgjMc,Hospital of Rouyn-Noranda - Juteau-Lemay Building,"4 9e Rue, Rouyn-Noranda, QC J9X 2B2, Canada",Rouyn-Noranda,CA,QC,J9X 2B2,+1 819-764-5131,,hospital,https://www.cisss-at.gouv.qc.ca/,48.2435816,-79.0194841,1745790598,hospital,0
41531,ChIJF41xFJozIU0R751OraSgjMc,Hospital of Rouyn-Noranda - Juteau-Lemay Building,"4 9e Rue, Rouyn-Noranda, QC J9X 2B2, Canada",Rouyn-Noranda,CA,QC,J9X 2B2,+1 819-764-5131,,hospital,https://www.cisss-at.gouv.qc.ca/,48.2435816,-79.0194841,1745790598,hospital,0
41536,ChIJF41xFJozIU0R751OraSgjMc,Hospital of Rouyn-Noranda - Juteau-Lemay Building,"4 9e Rue, Rouyn-Noranda, QC J9X 2B2, Canada",Rouyn-Noranda,CA,QC,J9X 2B2,+1 819-764-5131,,hospital,https://www.cisss-at.gouv.qc.ca/,48.2435816,-79.0194841,1745790598,hospital,0
41540,ChIJZxWIxxFT30wR3OYQ6a73BHU,Hôpital de Val-d’Or,"725 6e Rue, Val-d'Or, QC J9P 3Y1, Canada",Val-d'Or,CA,QC,J9P 3Y1,+1 819-825-5858,,hospital,http://www.cisss-at.gouv.qc.ca/,48.0966532,-77.7964539,1745790598,hospital,0
41550,ChIJK40IRaJBJk0RFifVvlYtO9s,Centre de Santé et de services sociaux du Lac-Témiscamingue,"22 Rue Notre Dame N, Ville-Marie, QC J9V 1W8, Canada",Ville-Marie,CA,QC,J9V 1W8,+1 819-629-2420,,hospital,https://www.cisss-at.gouv.qc.ca/,47.33327469999999,-79.44437010000001,1745790598,hospital,0
44939,ChIJuRgL6nIzIU0Ruq9e0oKICvk,Centre De Readaptation La Maison,"100 Chemin Dr Lemay, Rouyn-Noranda, QC J9X 5T2, Canada",Rouyn-Noranda,CA,QC,J9X 5T2,+1 819-762-6592,,hospital,https://sante.gouv.qc.ca/repertoire-ressources/ressource/?nofiche=198&ch_type=&bt_rechType=&theme=autres-ressources&ch_choixReg=&ch_rayon=0&ch_code=&page=310,48.2253979,-79.02105949999999,1745790598,hospital,0
48291,ChIJO7S3wRBT30wRm70jlpSgkhg,GMF-U de la Vallée-de-l'Or / Groupe de médecine familiale universitaire de la Vallée-de-l'Or,"575 6e Rue, Val-d'Or, QC J9P 0L6, Canada",Val-d'Or,CA,QC,J9P 0L6,+1 819-825-5858 ext. 5,,hospital,http://www.gmfuvalleedelor.com/,48.0963772,-77.7951121,1745790598,hospital,0
48301,ChIJF41xFJozIU0RQWSvWi6SyVQ,Groupe de médecine de famille universitaire,"3 9e Rue, Rouyn-Noranda, QC J9X 2A9, Canada",Rouyn-Noranda,CA,QC,J9X 2A9,+1 819-797-4535,,hospital,,48.2441571,-79.0206456,1745790598,hospital,0
49241,ChIJ74T1odiTIE0R9N83dwNcxMw,GMF-U Les Eskers d'Amos,"692 4e Avenue O Porte 100, Amos, QC J9T 0B7, Canada",Amos,CA,QC,J9T 0B7,+1 819-732-6972,,hospital,http://gmfuleseskers.ca/,48.5750236,-78.1281051,1745790598,hospital,0
50139,ChIJG9BybJIW30wRPg2udXmJYmQ,Centre de santé de Senneterre,"961 Rue de la Clinique, Senneterre, QC J0Y 2M0, Canada",Senneterre,CA,QC,J0Y 2M0,+1 819-825-5858,,hospital,http://www.cisss-at.gouv.qc.ca/,48.3845597,-77.2529078,1745790598,hospital,0
51014,ChIJHZ60leFT30wR2SiZAZnA1KY,Clinique d'hygiène dentaire Noémie Roy,"450 3e Avenue bureau 108, Val-d'Or, QC J9P 1S2, Canada",Val-d'Or,CA,QC,J9P 1S2,+1 819-443-4158,,hospital,https://www.noemieroy-hd.com/?utm_source=google&utm_medium=wix_google_business_profile&utm_campaign=11114864552978627084,48.1008612,-77.7796655,1745790598,hospital,0
52511,ChIJc_hfxn6tIE0Rz6wItmfvifM,Hôpital en santé mentale et CLSC de Malartic,"1141 Rue Royale, Malartic, QC J0Y 1Z0, Canada",Malartic,CA,QC,J0Y 1Z0,+1 819-825-5858,,hospital,https://www.sante.gouv.qc.ca/en/repertoire-ressources/ressource/?nofiche=954,48.14122889999999,-78.1286676,1745790598,hospital,0
52512,ChIJU1OAcwRT30wRWm7xI4AAvdM,Vision-Ère,"663 3e Avenue, Val-d'Or, QC J9P 1S7, Canada",Val-d'Or,CA,QC,J9P 1S7,+1 819-824-4703,,hospital,http://visionere.ca/,48.1014327,-77.7847456,1745790598,hospital,0
52513,ChIJ1_R5AKBBJk0RkoR4_gCujNA,IRIS Optométristes et Opticiens - Ville-Marie,"26a Rue des Oblats N, Ville-Marie, QC J9V 1J3, Canada",Ville-Marie,CA,QC,J9V 1J3,+1 819-622-0909,,hospital,https://iris.ca/fr/trouver-une-boutique/ville-marie,47.3343723,-79.4364775,1745790598,hospital,0
52514,ChIJ1_R5AKBBJk0RkoR4_gCujNA,IRIS Optométristes et Opticiens - Ville-Marie,"26a Rue des Oblats N, Ville-Marie, QC J9V 1J3, Canada",Ville-Marie,CA,QC,J9V 1J3,+1 819-622-0909,,hospital,https://iris.ca/fr/trouver-une-boutique/ville-marie,47.3343723,-79.4364775,1745790598,hospital,0
52739,ChIJU1OAcwRT30wRWm7xI4AAvdM,Vision-Ère,"663 3e Avenue, Val-d'Or, QC J9P 1S7, Canada",Val-d'Or,CA,QC,J9P 1S7,+1 819-824-4703,,hospital,http://visionere.ca/,48.1014327,-77.7847456,1745790598,hospital,0
52740,ChIJU1OAcwRT30wRWm7xI4AAvdM,Vision-Ère,"663 3e Avenue, Val-d'Or, QC J9P 1S7, Canada",Val-d'Or,CA,QC,J9P 1S7,+1 819-824-4703,,hospital,http://visionere.ca/,48.1014327,-77.7847456,1745790598,hospital,0
52742,ChIJV_iVLYqSIE0R4rx5xr2_xug,Centre visuel des eskers,"41 1re Avenue E, Amos, QC J9T 1H2, Canada",Amos,CA,QC,J9T 1H2,+1 819-732-6831,,hospital,http://centrevisueldeseskers.com/,48.57213499999999,-78.114401,1745790598,hospital,0
52743,ChIJHeczC5wzIU0R6UDeVvaGBOE,IRIS Optométristes et Opticiens - Rouyn-Noranda,"75 Rue Mgr Tessier O, Rouyn-Noranda, QC J9X 4T3, Canada",Rouyn-Noranda,CA,QC,J9X 4T3,+1 819-764-4747,,hospital,https://iris.ca/fr/trouver-une-boutique/rouyn-noranda,48.2388163,-79.0222534,1745790598,hospital,0
52746,ChIJZa-2LQ55IU0RtPrUq5cLyj0,IRIS,"49 5e Avenue E, La Sarre, QC J9Z 1K9, Canada",La Sarre,CA,QC,J9Z 1K9,+1 819-339-5656,,hospital,https://iris.ca/fr/trouver-une-boutique/la-sarre,48.8051415,-79.2025022,1745790598,hospital,0
52747,ChIJZa-2LQ55IU0RtPrUq5cLyj0,IRIS,"49 5e Avenue E, La Sarre, QC J9Z 1K9, Canada",La Sarre,CA,QC,J9Z 1K9,+1 819-339-5656,,hospital,https://iris.ca/fr/trouver-une-boutique/la-sarre,48.8051415,-79.2025022,1745790598,hospital,0
52859,ChIJL6SZn5OSIE0RkRkfhZncsj8,"Clinique d'optométrie Mercier, Lapointe, Langevin","752 1re Ave O, Amos, QC J9T 1V8, Canada",Amos,CA,QC,J9T 1V8,+1 819-732-2622,,hospital,http://www.cliniquemll.com/,48.57173899999999,-78.12892,1745790598,hospital,0
52966,ChIJk4zSNAJT30wR23azOBVPBe8,Greiche & Scaff Val d'Or,"Carrefour du Nord Ouest, 1801 3e Avenue #39, Val-d'Or, QC J9P 5K1, Canada",Val-d'Or,CA,QC,J9P 5K1,+1 819-874-8055,,hospital,https://www.greiche-scaff.com/fr/stores/store/index/id/347/,48.095332,-77.8261741,1745790598,hospital,0
53058,ChIJLXeeVHUzIU0RXF6rAic7K_Y,Greiche & Scaff Rouyn,"100 Rue du Terminus O #96, Rouyn-Noranda, QC J9X 6H7, Canada",Rouyn-Noranda,CA,QC,J9X 6H7,+1 819-764-6786,,hospital,https://www.greiche-scaff.com/fr/stores/store/index/id/356/,48.24286069999999,-79.0248853,1745790598,hospital,0
53134,ChIJRQRBYBpvKE0RL7GveR1bGY8,Vincent Labranche | REALTOR | Cottages For Sale Quebec,"557 Chem. Kipawa, Témiscaming, QC J0Z 3R0, Canada",Témiscaming,CA,QC,J0Z 3R0,+1 705-499-5923,,pharmacy,https://labranchehometeam.com/,46.7227915,-79.0942891,1745790598,pharmacy,0
53179,ChIJdaqu_QVT30wR8_-6R_AC--4,Opto-Réseau Val d'Or,"887 3e Avenue, Val-d'Or, QC J9P 1T2, Canada",Val-d'Or,CA,QC,J9P 1T2,+1 819-825-8933,,hospital,https://www.opto-reseau.com/fr/cliniques/clinique-opto-reseau-val-dor,48.1032058,-77.7895017,1745790598,hospital,0
53232,ChIJHeczC5wzIU0R6UDeVvaGBOE,IRIS Optométristes et Opticiens - Rouyn-Noranda,"75 Rue Mgr Tessier O, Rouyn-Noranda, QC J9X 4T3, Canada",Rouyn-Noranda,CA,QC,J9X 4T3,+1 819-764-4747,,hospital,https://iris.ca/fr/trouver-une-boutique/rouyn-noranda,48.2388163,-79.0222534,1745790598,hospital,0
53822,ChIJV_iVLYqSIE0R4rx5xr2_xug,Centre visuel des eskers,"41 1re Avenue E, Amos, QC J9T 1H2, Canada",Amos,CA,QC,J9T 1H2,+1 819-732-6831,,hospital,http://centrevisueldeseskers.com/,48.57213499999999,-78.114401,1745790598,hospital,0
54055,ChIJc8caUw55IU0RQJ5kUzurZL0,Groupe De Medicine Familiale,"228 2e Rue E E, La Sarre, QC J9Z 2G9, Canada",La Sarre,CA,QC,J9Z 2G9,+1 819-339-5617,,hospital,https://www.gmfuab.com/fr/,48.8060379,-79.2009429,1745790598,hospital,0
54056,ChIJA0oPPnh5IU0R6oY1vw_EGAY,Centre Hospitalier De La Sarre,"679 2e Rue E, La Sarre, QC J9Z 2X7, Canada",La Sarre,CA,QC,J9Z 2X7,+1 819-333-2311,,hospital,http://www.sante.gouv.qc.ca/en/repertoire-ressources/ressource/?nofiche=699,48.7864561,-79.198577,1745790598,hospital,0
54057,ChIJ26_D2Wh5IU0RuXJe6uUQu6c,Helene Hottlet,"12 Rue Mnt Lavigne, La Sarre, QC J9Z 2X5, Canada",La Sarre,CA,QC,J9Z 2X5,+1 819-333-2345,,hospital,,48.7910899,-79.216572,1745790598,hospital,0
54157,ChIJn7n3cpGSIE0RifCVQaeDISY,Clinique De Medicine Familiale,"641 4e Rue O, Amos, QC J9T 2S1, Canada",Amos,CA,QC,J9T 2S1,+1 819-732-6972,,hospital,http://www.gmfuleseskers.ca/,48.57488719999999,-78.12689929999999,1745790598,hospital,0
54184,ChIJlZkCWQZT30wRkgWMYIspJXc,Clinique De Physiothérapie Val-d’Or Inc,"1281 7e Rue, Val-d'Or, QC J9P 3S1, Canada",Val-d'Or,CA,QC,J9P 3S1,+1 819-825-2222,,hospital,https://www.physiovd.com/,48.10486589999999,-77.7864322,1745790598,hospital,0
54185,ChIJ7RTqVhZT30wR5W5KfWE87w8,Clinique Familliale Des Pins,"1019 Bd des Pins, Val-d'Or, QC J9P 4T2, Canada",Val-d'Or,CA,QC,J9P 4T2,+1 819-825-8464,,hospital,,48.09144819999999,-77.7996847,1745790598,hospital,0
54186,ChIJQwLLYm9T30wR1UB1xtyJoOs,Malenfant Claude Dr,"1731 3e Avenue, Val-d'Or, QC J9P 1W3, Canada",Val-d'Or,CA,QC,J9P 1W3,+1 819-825-6678,,hospital,,48.0974215,-77.81998519999999,1745790598,hospital,0
54241,ChIJF41xFJozIU0RQWSvWi6SyVQ,Groupe de médecine de famille universitaire,"3 9e Rue, Rouyn-Noranda, QC J9X 2A9, Canada",Rouyn-Noranda,CA,QC,J9X 2A9,+1 819-797-4535,,hospital,,48.2441571,-79.0206456,1745790598,hospital,0
54242,ChIJ48hgkXA1IU0RJjy4WsCyRyg,Clinique Médicale Évain,"2813 Boul Rideau, Rouyn-Noranda, QC J0Z 1Y0, Canada",Rouyn-Noranda,CA,QC,J0Z 1Y0,+1 819-768-2252,,hospital,https://www.cliniquemedicaleevain.com/,48.237838,-79.131395,1745790598,hospital,0
54243,ChIJqzaCK5ozIU0Rvg0aKsQYcjs,Clinique Medicale Fleur De Lys,"8 Rue du Terminus East, Rouyn-Noranda, QC J9X 4P1, Canada",Rouyn-Noranda,CA,QC,J9X 4P1,+1 819-764-6185,,hospital,,48.2416267,-79.0196685,1745790598,hospital,0
54244,ChIJqzaCK5ozIU0RT62BGnrybzA,Clinique Medicale Acces-Sante,"8 Rue du Terminus East, Rouyn-Noranda, QC J9X 3B4, Canada",Rouyn-Noranda,CA,QC,J9X 3B4,+1 819-762-2130,,hospital,,48.2416536,-79.0196344,1745790598,hospital,0
54245,ChIJZxf0-wozIU0R2Oiqe-hczZw,Centre Medical Lariviere,"423 Av. Larivière, Rouyn-Noranda, QC J9X 4H9, Canada",Rouyn-Noranda,CA,QC,J9X 4H9,+1 819-762-4004,,hospital,https://www.sante.gouv.qc.ca/repertoire-ressources/ressource/?nofiche=434519,48.2310826,-79.0142663,1745790598,hospital,0
54246,ChIJYVkO45szIU0RZAWTRW_Ri6c,19 Rue Gamble O,"19 Rue Gamble O, Rouyn-Noranda, QC J9X 2R3, Canada",Rouyn-Noranda,CA,QC,J9X 2R3,,,clinic,,48.2398314,-79.0208119,1745790598,clinic,0
54297,ChIJl93ycHd5IU0RocewTnepjrU,Polyclinique WabakinMedecins,"255 3e Rue E local 3, La Sarre, QC J9Z 3N7, Canada",La Sarre,CA,QC,J9Z 3N7,+1 819-339-5661,,hospital,,48.8060433,-79.1972748,1745790598,hospital,0
54390,ChIJZxf0-wozIU0R2Oiqe-hczZw,Centre Medical Lariviere,"423 Av. Larivière, Rouyn-Noranda, QC J9X 4H9, Canada",Rouyn-Noranda,CA,QC,J9X 4H9,+1 819-762-4004,,hospital,https://www.sante.gouv.qc.ca/repertoire-ressources/ressource/?nofiche=434519,48.2310826,-79.0142663,1745790598,hospital,0
54451,ChIJ48hgkXA1IU0RJjy4WsCyRyg,Clinique Médicale Évain,"2813 Boul Rideau, Rouyn-Noranda, QC J0Z 1Y0, Canada",Rouyn-Noranda,CA,QC,J0Z 1Y0,+1 819-768-2252,,hospital,https://www.cliniquemedicaleevain.com/,48.237838,-79.131395,1745790598,hospital,0
54486,ChIJ__8rSJEzIU0ROTUmIcq1B7M,Clinical Alliance,"121 8e Rue, Rouyn-Noranda, QC J9X 2A5, Canada",Rouyn-Noranda,CA,QC,J9X 2A5,+1 819-917-2020,,hospital,,48.2476478,-79.01812509999999,1745790598,hospital,0
54495,ChIJqzaCK5ozIU0RYXD4MEYzbZ0,GMF Rouyn-Noranda,"8 Rue du Terminus East, Rouyn-Noranda, QC J9X 3B4, Canada",Rouyn-Noranda,CA,QC,J9X 3B4,+1 819-762-1801,,hospital,http://gmfrn.com/,48.2416536,-79.0196344,1745790598,hospital,0
55122,ChIJexR9rQhT30wRy2prs2y9UyQ,Clinique Medicale Ctr Ville,"929 3e Avenue, Val-d'Or, QC J9P 1T4, Canada",Val-d'Or,CA,QC,J9P 1T4,+1 819-874-9111,,hospital,https://bonjour-sante.ca/uno/clinique/ccentreville,48.1036937,-77.7907494,1745790598,hospital,0
55181,ChIJqUJ8maFBJk0RhQB4PRS01MM,Coop santé TémiscaVie,"19 Rue Dollard, Ville-Marie, QC J9V 1L1, Canada",Ville-Marie,CA,QC,J9V 1L1,+1 819-622-2433,,hospital,,47.3338786,-79.44344749999999,1745790598,hospital,0
55215,ChIJn7n3cpGSIE0RifCVQaeDISY,Clinique De Medicine Familiale,"641 4e Rue O, Amos, QC J9T 2S1, Canada",Amos,CA,QC,J9T 2S1,+1 819-732-6972,,hospital,http://www.gmfuleseskers.ca/,48.57488719999999,-78.12689929999999,1745790598,hospital,0
55223,ChIJ99k6459BJk0Ryd1pwQGpA2c,Clinique Medical Ville-Marie,"56 Rue Ste Anne, Ville-Marie, QC J9V 2B7, Canada",Ville-Marie,CA,QC,J9V 2B7,+1 819-622-1414,,hospital,https://www.sante.gouv.qc.ca/repertoire-ressources/ressource/?nofiche=54096,47.3314145,-79.4377679,1745790598,hospital,0
55394,ChIJwfN6ruySIE0R6DSXjnAI1og,Eskair,"511 7e Rue O, Amos, QC J9T 2Y3, Canada",Amos,CA,QC,J9T 2Y3,+1 819-732-4405,,hospital,http://eskair.ca/,48.5725983,-78.13364729999999,1745790598,hospital,0
55717,ChIJj61mgJrFIE0RJrRX_PCNrZM,334 Av. du Lac,"334 Av. du Lac, Preissac, QC J0Y 2E0, Canada",Preissac,CA,QC,J0Y 2E0,,,pharmacy,,48.3081291,-78.4208222,1745790598,pharmacy,0
55804,,,,,,,,,,,,,,1745790598,,0
12831,,,,,,,,,,,,,,1745790598,,0
55819,ChIJQb42EwRT30wRR2bW_VpFXUE,Clinique Minceur Bella Donna,"700 3e Avenue, Val-d'Or, QC J9P 1S5, Canada",Val-d'Or,CA,QC,J9P 1S5,+1 819-874-0923,,clinic,http://www.cliniquebelladonna.com/,48.1018365,-77.7850918,1745790598,clinic,0
55958,ChIJTyCPPAs5Jk0Rg_h2PzvhDyY,Clinique Médicale de Fabre,"1374 Rue Principale, Fabre, QC J0Z 1Z0, Canada",Fabre,CA,QC,J0Z 1Z0,+1 873-736-0003,,hospital,http://cmfabre.ca/,47.2015243,-79.3671894,1745790598,hospital,0
56153,ChIJ6WJO8GVT30wRzCu4cSBoAuY,URO-GYNECO Medical Clinic of Abitibi,"1660 3e Avenue, Val-d'Or, QC J9P 1W1, Canada",Val-d'Or,CA,QC,J9P 1W1,+1 819-825-3800,,hospital,https://cliniquemedicaleurogyneco.com/,48.1002652,-77.8142329,1745790598,hospital,0
57123,ChIJVVWF85wzIU0Rj7zAX-5HGtc,Clinic Medic Ami,"179 Av. Mercier, Rouyn-Noranda, QC J9X 4X8, Canada",Rouyn-Noranda,CA,QC,J9X 4X8,+1 888-762-3202,,hospital,,48.2380211,-79.0249742,1745790598,hospital,0
70026,ChIJP1TJgZqSIE0Ru4jWP7VQ1uw,Detention facility Amos,"902 Rte 111 Ouest, Amos, QC J9T 3A3, Canada",Amos,CA,QC,J9T 3A3,+1 819-444-3060,,pharmacy,http://www.securitepublique.gouv.qc.ca/,48.5831169,-78.1376669,1745790598,pharmacy,0
80145,ChIJc_hfxn6tIE0Rz6wItmfvifM,Hôpital en santé mentale et CLSC de Malartic,"1141 Rue Royale, Malartic, QC J0Y 1Z0, Canada",Malartic,CA,QC,J0Y 1Z0,+1 819-825-5858,,hospital,https://www.sante.gouv.qc.ca/en/repertoire-ressources/ressource/?nofiche=954,48.14122889999999,-78.1286676,1745790598,hospital,0
81035,ChIJ815TV4lm30wRAeI5ZA8MacY,CLSC de Barraute,"660 PRINCIPALE RUE, Barraute, QC J0Y 1A0, Canada",Barraute,CA,QC,J0Y 1A0,+1 819-734-6571,,hospital,,48.44075479999999,-77.63461099999999,1745790598,hospital,0
81045,ChIJ815TV4lm30wRAeI5ZA8MacY,CLSC de Barraute,"660 PRINCIPALE RUE, Barraute, QC J0Y 1A0, Canada",Barraute,CA,QC,J0Y 1A0,+1 819-734-6571,,hospital,,48.44075479999999,-77.63461099999999,1745790598,hospital,0
82575,ChIJDcnC1aNBJk0RsH8MA07WjD0,CLSC Centre De Sante Sainte-Famille,"22 Rue Notre Dame N, Ville-Marie, QC J9V 1W8, Canada",Ville-Marie,CA,QC,J9V 1W8,+1 819-629-2420,,hospital,https://www.sante.gouv.qc.ca/en/repertoire-ressources/ressource/?nofiche=551,47.33305290000001,-79.4442684,1745790598,hospital,0
83585,ChIJ7_kGYQZT30wRhEE94Cznk3M,Native Friendship Center in Val-d'Or,"1272 7e Rue, Val-d'Or, QC J9P 6W6, Canada",Val-d'Or,CA,QC,J9P 6W6,+1 819-825-6857,,clinic,http://www.caavd.ca/,48.1045252,-77.78598720000001,1745790598,clinic,0
83595,ChIJX64m_HW2z0wRXUhL6-EmOBQ,Centre De Sante De Lac-Simon,"1020 Rue Amikwiche, Lac-Simon, QC J0Y 3M0, Canada",Lac-Simon,CA,QC,J0Y 3M0,+1 819-736-2151,,hospital,https://lacsimon.ca/departement/centre-de-sante-mino-tehewin/,48.0617752,-77.3548507,1745790598,hospital,0
83605,ChIJz1nS8wNT30wRzt2LIj74IPw,Conseil Des Anicipek De Kitcisakik,"615, av Centrale, Val-d'Or, QC J9P 1P9, Canada",Val-d'Or,CA,QC,J9P 1P9,+1 819-736-3001,,clinic,,48.1018109,-77.7834685,1745790598,clinic,0
91012,ChIJG9BybJIW30wRPg2udXmJYmQ,Centre de santé de Senneterre,"961 Rue de la Clinique, Senneterre, QC J0Y 2M0, Canada",Senneterre,CA,QC,J0Y 2M0,+1 819-825-5858,,hospital,http://www.cisss-at.gouv.qc.ca/,48.3845597,-77.2529078,1745790598,hospital,0
91212,ChIJK40IRaJBJk0RFifVvlYtO9s,Centre de Santé et de services sociaux du Lac-Témiscamingue,"22 Rue Notre Dame N, Ville-Marie, QC J9V 1W8, Canada",Ville-Marie,CA,QC,J9V 1W8,+1 819-629-2420,,hospital,https://www.cisss-at.gouv.qc.ca/,47.33327469999999,-79.44437010000001,1745790598,hospital,0
91312,ChIJeVHjVGlvKE0RClSEYMXjQiU,Info-Sante Clsc-Cs,"Temiscaming, QC J0Z 3R0, Canada",Temiscaming,CA,QC,J0Z 3R0,,,hospital,,46.718235,-79.10011999999999,1745790598,hospital,0
92122,ChIJAQUmThtT30wRuXaB7nwmdjE,Centre jeunesse de l'Abitibi-Témiscamingue,"700 Bd Forest, Val-d'Or, QC J9P 2L3, Canada",Val-d'Or,CA,QC,J9P 2L3,+1 819-825-0002,,clinic,,48.0980776,-77.7886558,1745790598,clinic,0
93742,ChIJxfGxFZozIU0RqDMvuhj8JI4,CLSC,"1 9e Rue, Rouyn-Noranda, QC J9X 2A9, Canada",Rouyn-Noranda,CA,QC,J9X 2A9,+1 819-762-8144,,hospital,https://www.cisss-at.gouv.qc.ca/nos-installations/,48.24334989999999,-79.0209175,1745790598,hospital,0
93752,ChIJA0oPPnh5IU0R6oY1vw_EGAY,Centre Hospitalier De La Sarre,"679 2e Rue E, La Sarre, QC J9Z 2X7, Canada",La Sarre,CA,QC,J9Z 2X7,+1 819-333-2311,,hospital,http://www.sante.gouv.qc.ca/en/repertoire-ressources/ressource/?nofiche=699,48.7864561,-79.198577,1745790598,hospital,0
93952,ChIJNciuj4uSIE0RDsg7d4h-UZA,CLSC/CHSLD Les Eskers - CLSC De L'Elan,"632 1re Rue O, Amos, QC J9T 2N2, Canada",Amos,CA,QC,J9T 2N2,+1 819-732-3271,,hospital,http://www.cisss-at.gouv.qc.ca/,48.5737767,-78.1180385,1745790598,hospital,0
94207,ChIJK6ygBRFT30wR75UTIMonkTg,725 6e Rue,"725 6e Rue, Val-d'Or, QC J9P 3Y1, Canada",Val-d'Or,CA,QC,J9P 3Y1,,,pharmacy,,48.09591169999999,-77.7966024,1745790598,pharmacy,0
94411,ChIJFUwfbZozIU0Rbfs1fqifA8U,Center Integrated Health And Social Services De L'abitibi-Témiscamingue,"1 9e Rue, Rouyn-Noranda, QC J9X 2A9, Canada",Rouyn-Noranda,CA,QC,J9X 2A9,+1 819-764-3264,,hospital,https://www.cisss-at.gouv.qc.ca/,48.2433539,-79.0210111,1745790598,hospital,0
95222,ChIJZxWIxxFT30wR3OYQ6a73BHU,Hôpital de Val-d’Or,"725 6e Rue, Val-d'Or, QC J9P 3Y1, Canada",Val-d'Or,CA,QC,J9P 3Y1,+1 819-825-5858,,hospital,http://www.cisss-at.gouv.qc.ca/,48.0966532,-77.7964539,1745790598,hospital,0
0304X,ChIJV22cD8DlvkwRDnt8P5DTxOo,Hospital Notre-Dame-De-Fatima,"1201 6e Avenue Pilote, La Pocatière, QC G0R 1Z0, Canada",La Pocatière,CA,QC,G0R 1Z0,+1 418-856-7000,,hospital,,47.37203539999999,-70.026078,1745790598,hospital,0
0325X,ChIJES0aWUr-lkwRsZw2ndtuXoU,Hospital D'amqui,"135 Av. Gaëtan-Archambault, Amqui, QC G5J 2K5, Canada",Amqui,CA,QC,G5J 2K5,+1 418-629-2211,,hospital,https://www.cisss-bsl.gouv.qc.ca/,48.4689687,-67.420262,1745790598,hospital,0
0331X,ChIJN5gbUx7BlkwR2uwPFoNbzPI,Hôpital de Matane,"333 Rue Thibault, Matane, QC G4W 2W5, Canada",Matane,CA,QC,G4W 2W5,+1 418-562-3135,,hospital,https://www.cisss-bsl.gouv.qc.ca/,48.84355540000001,-67.5243765,1745790598,hospital,0
0333X,ChIJo7KS4JvEvUwROjNbYGWSDM0,Hôpital de Notre-Dame-du-Lac,"58 Rue de l'Église, Témiscouata-sur-le-Lac, QC G0L 1X0, Canada",Témiscouata-sur-le-Lac,CA,QC,G0L 1X0,+1 418-899-6751,,hospital,http://www.cisss-bsl.gouv.qc.ca/,47.6122385,-68.7992962,1745790598,hospital,0
0334X,ChIJ9VreMZjZlUwRUfon-pBrj9o,Rimouski Regional Hospital,"150 Av. Rouleau, Rimouski, QC G5L 5T1, Canada",Rimouski,CA,QC,G5L 5T1,+1 418-724-3000,,hospital,http://www.cisss-bsl.gouv.qc.ca/,48.4468546,-68.530918,1745790598,hospital,0
0339X,ChIJyZZW4iT1lUwRw78GNiV8XEg,Centre De Santé Et Des Services Sociaux Des Basques,"550 Rue Notre Dame E, Trois-Pistoles, QC G0L 4K0, Canada",Trois-Pistoles,CA,QC,G0L 4K0,+1 418-851-1111,,hospital,https://www.cisss-bsl.gouv.qc.ca/,48.1327438,-69.1593704,1745790598,hospital,0
0340X,ChIJf4n66MpAvkwR2miTI5-4xTw,Regional Hospital Du Grand-Portage,"75 Rue Saint-Henri, Rivière-du-Loup, QC G5R 2A4, Canada",Rivière-du-Loup,CA,QC,G5R 2A4,+1 418-868-1000,,hospital,https://www.cisss-bsl.gouv.qc.ca/,47.8184192,-69.5401882,1745790598,hospital,0
0479X,ChIJqTfFDpTvvkwRS8ljT-rNWEo,Residence La Croisee-Chemins,"145 Rue Galarneau, Saint-Pacôme, QC G0L 3X0, Canada",Saint-Pacôme,CA,QC,G0L 3X0,+1 418-852-2311,,hospital,,47.398984,-69.9509181,1745790598,hospital,0
0488X,ChIJEdZqOfz7vUwReZIgMoaHp-M,Centre d'hébergement de Squatec,"10 Rue St André, Squatec, QC G0L 4H0, Canada",Saint-Michel-du-Squatec,CA,QC,G0L 4H0,+1 418-855-2442,,hospital,http://www.cisss-bsl.gouv.qc.ca/,47.8773855,-68.7231258,1745790598,hospital,0
0496X,ChIJzc4ZL1OHlkwRILgscw9QPiM,Centre De Readaptation En,"800 Av. du Sanatorium, Mont-Joli, QC G5H 3L6, Canada",Mont-Joli,CA,QC,G5H 3L6,+1 418-775-7261,,pharmacy,,48.572149,-68.2157357,1745790598,pharmacy,0
0498X,ChIJyZ_hr1BHvkwRa8wRqbzI3Ck,Centre d'hébergement de Rivière-du-Loup,"28 Rue Joly, Rivière-du-Loup, QC G5R 3H2, Canada",Rivière-du-Loup,CA,QC,G5R 3H2,+1 418-868-1000,,hospital,http://www.cisss-bsl.gouv.qc.ca/,47.83398829999999,-69.5422482,1745790598,hospital,0
0789X,ChIJu6VhcMpAvkwRTsl147rRgdk,Fondation De La Maison Desjardins De Soins Palliatifs Du Krtb,"44 Rue de Chauffailles, Rivière-du-Loup, QC G5R 4E1, Canada",Rivière-du-Loup,CA,QC,G5R 4E1,+1 418-860-0240,,pharmacy,https://maisondesjardins.com/,47.8183249,-69.538021,1745790598,pharmacy,0
0816X,ChIJjS1Ufm5-vkwRvAoIICsNw8c,CLSC of Pohenegamook,"1922 Rue St Vallier, Pohénégamook, QC G0L 1J0, Canada",Pohénégamook,CA,QC,G0L 1J0,+1 418-859-2450,,hospital,,47.48968620000001,-69.2811638,1745790598,hospital,0
0878X,,,,,,,,,,,,,,1745790598,,0
0879X,ChIJQVTCS-9BvkwRm2sFPuoCBZE,Centre D'Hebergement St Antn,"286 Rue Principale, Saint-Antonin, QC G0L 2J0, Canada",Saint-Antonin,CA,QC,G0L 2J0,+1 418-862-9521,,hospital,https://www.cisss-bsl.gouv.qc.ca/,47.7623217,-69.4787422,1745790598,hospital,0
10305,ChIJ5XRhq5oAl0wRM7SLP-x_zQY,Centre d'hébergement Marie-Anne Ouellet (CHSLD),"6 Rue Turbide, Lac-au-Saumon, QC G0J 1M0, Canada",Lac-au-Saumon,CA,QC,G0J 1M0,+1 418-778-5816,,hospital,https://www.cisss-bsl.gouv.qc.ca/,48.41814419999999,-67.3467864,1745790598,hospital,0
10333,ChIJ17p0rMYPvkwRACXk_6911ds,Centre multiservices de Saint-Cyprien,"101 Rue de l'Église, Saint-Cyprien, QC G0L 2P0, Canada",Saint-Cyprien,CA,QC,G0L 2P0,+1 418-862-9560,,pharmacy,http://www.cisss-bsl.gouv.qc.ca/,47.892535,-69.02029399999999,1745790598,pharmacy,0
10585,ChIJ0ZXjbdfblUwRdN_uJFZU2Kw,Centre d’hébergement de Rimouski,"645 Boulevard St Germain, Rimouski, QC G5L 3S2, Canada",Rimouski,CA,QC,G5L 3S2,+1 418-724-4111,,clinic,,48.4350166,-68.5718921,1745790598,clinic,0
10595,ChIJF2ZEltvlvkwRAdKJA6tJLQg,Galeries La Pocatière (Les),"161 QC-230, La Pocatière, QC G0R 1Z0, Canada",La Pocatière,CA,QC,G0R 1Z0,+1 418-856-1550,,clinic,https://www.lecentrelapocatiere.com/,47.3596991,-70.05540959999999,1745790598,clinic,0
11135,ChIJ5XMnZifTvUwRqnm9QxOnHXc,CLSC-Riviere-Bleue,"45 Rue du Foyer S, Rivière-Bleue, QC G0L 2B0, Canada",Rivière-Bleue,CA,QC,G0L 2B0,+1 418-893-5549,,hospital,http://www.cisss-bsl.gouv.qc.ca/,47.4324264,-69.0386505,1745790598,hospital,0
11173,ChIJbWUWrwjZlUwRQgYrfZ2TFuk,Centre de formation Rimouski-Neigette,"424 Av. Ross, Rimouski, QC G5L 5C7, Canada",Rimouski,CA,QC,G5L 5C7,+1 418-722-4922,,pharmacy,https://cfrn.cssphares.gouv.qc.ca/,48.4321698,-68.52363489999999,1745790598,pharmacy,0
11243,ChIJzc4ZL1OHlkwRILgscw9QPiM,Centre De Readaptation En,"800 Av. du Sanatorium, Mont-Joli, QC G5H 3L6, Canada",Mont-Joli,CA,QC,G5H 3L6,+1 418-775-7261,,clinic,,48.572149,-68.2157357,1745790598,clinic,0
11345,ChIJW6SNTeLAlkwRBiGKa9WhM0M,CHSLD (Foyer D'Accueil) de Matane,"150 Av St-Jérôme, Matane, QC G4W 3A2, Canada",Matane,CA,QC,G4W 3A2,+1 418-562-4154,,hospital,,48.8409564,-67.5321025,1745790598,hospital,0
11565,ChIJpY5-cYHfvUwRdsvHXte3TxA,Centre d'hébergement St-Louis-du-Ha! Ha!,"25 Rue St Philippe, Saint-Louis-du-Ha! Ha!, QC G0L 3S0, Canada",Saint-Louis-du-Ha! Ha!,CA,QC,G0L 3S0,+1 418-854-2631,,hospital,http://www.cisss-bsl.gouv.qc.ca/,47.67451469999999,-68.9792938,1745790598,hospital,0
11905,ChIJQVTCS-9BvkwRm2sFPuoCBZE,Centre D'Hebergement St Antn,"286 Rue Principale, Saint-Antonin, QC G0L 2J0, Canada",Saint-Antonin,CA,QC,G0L 2J0,+1 418-862-9521,,hospital,https://www.cisss-bsl.gouv.qc.ca/,47.7623217,-69.4787422,1745790598,hospital,0
18325,ChIJ7Si7t9EPvkwRbB9nINpYBAI,CLSC et Centre d'hébergement de Saint-Cyprien,"101-C Rue Collin, Saint-Cyprien, QC G0L 2P0, Canada",Saint-Cyprien,CA,QC,G0L 2P0,+1 418-867-2642,,hospital,http://www.cisss-bsl.gouv.qc.ca/,47.8957099,-69.0235824,1745790598,hospital,0
18433,ChIJSzffE-rZlUwRa5ek6WIHSMc,Centre Regional-Readaptation,"320, rue Saint-Germain Est, Rimouski, QC G5L 1C2, Canada",Rimouski,CA,QC,G5L 1C2,+1 418-722-7777,,hospital,,48.460242,-68.517654,1745790598,hospital,0
19065,ChIJvXTPanJBvkwRgdT4bs0lJno,CHSLD De Chauffailles,"60 Rue de Chauffailles, Rivière-du-Loup, QC G5R 4E1, Canada",Rivière-du-Loup,CA,QC,G5R 4E1,+1 418-867-8370,,hospital,http://www.cisss-bsl.gouv.qc.ca/,47.8171997,-69.5391159,1745790598,hospital,0
19595,ChIJU6UWDXVHvkwRfcSu0MkzPLo,Maison des aînés et alternative de Rivière-du-Loup,"5 Rue Ste Anne, Rivière-du-Loup, QC G5R 2V3, Canada",Rivière-du-Loup,CA,QC,G5R 2V3,+1 418-868-1298,,pharmacy,,47.83241419999999,-69.534105,1745790598,pharmacy,0
19705,ChIJ3YGJAADZlUwRPvdFxwq7wi8,Maison des aînés et alternative de Rimouski (2022),"490 Av. Léonidas S, Rimouski, QC G5M 0T8, Canada",Rimouski,CA,QC,G5M 0T8,+1 418-734-3121,,hospital,,48.4485,-68.4948299,1745790598,hospital,0
23595,ChIJLSfIWrFcvkwR6GjcXX7ky2k,Centre Villa Maria,"404 Av. du Foyer, Saint-Alexandre-de-Kamouraska, QC G0L 2G0, Canada",Saint-Alexandre-de-Kamouraska,CA,QC,G0L 2G0,+1 418-856-7000,,hospital,,47.68550049999999,-69.6199809,1745790598,hospital,0
43040,ChIJV22cD8DlvkwRDnt8P5DTxOo,Hospital Notre-Dame-De-Fatima,"1201 6e Avenue Pilote, La Pocatière, QC G0R 1Z0, Canada",La Pocatière,CA,QC,G0R 1Z0,+1 418-856-7000,,hospital,,47.37203539999999,-70.026078,1745790598,hospital,0
43250,ChIJES0aWUr-lkwRsZw2ndtuXoU,Hospital D'amqui,"135 Av. Gaëtan-Archambault, Amqui, QC G5J 2K5, Canada",Amqui,CA,QC,G5J 2K5,+1 418-629-2211,,hospital,https://www.cisss-bsl.gouv.qc.ca/,48.4689687,-67.420262,1745790598,hospital,0
43310,ChIJN5gbUx7BlkwR2uwPFoNbzPI,Hôpital de Matane,"333 Rue Thibault, Matane, QC G4W 2W5, Canada",Matane,CA,QC,G4W 2W5,+1 418-562-3135,,hospital,https://www.cisss-bsl.gouv.qc.ca/,48.84355540000001,-67.5243765,1745790598,hospital,0
43330,ChIJo7KS4JvEvUwROjNbYGWSDM0,Hôpital de Notre-Dame-du-Lac,"58 Rue de l'Église, Témiscouata-sur-le-Lac, QC G0L 1X0, Canada",Témiscouata-sur-le-Lac,CA,QC,G0L 1X0,+1 418-899-6751,,hospital,http://www.cisss-bsl.gouv.qc.ca/,47.6122385,-68.7992962,1745790598,hospital,0
43340,ChIJ9VreMZjZlUwRUfon-pBrj9o,Rimouski Regional Hospital,"150 Av. Rouleau, Rimouski, QC G5L 5T1, Canada",Rimouski,CA,QC,G5L 5T1,+1 418-724-3000,,hospital,http://www.cisss-bsl.gouv.qc.ca/,48.4468546,-68.530918,1745790598,hospital,0
43341,ChIJ9VreMZjZlUwRUfon-pBrj9o,Rimouski Regional Hospital,"150 Av. Rouleau, Rimouski, QC G5L 5T1, Canada",Rimouski,CA,QC,G5L 5T1,+1 418-724-3000,,hospital,http://www.cisss-bsl.gouv.qc.ca/,48.4468546,-68.530918,1745790598,hospital,0
43400,ChIJf4n66MpAvkwR2miTI5-4xTw,Regional Hospital Du Grand-Portage,"75 Rue Saint-Henri, Rivière-du-Loup, QC G5R 2A4, Canada",Rivière-du-Loup,CA,QC,G5R 2A4,+1 418-868-1000,,hospital,https://www.cisss-bsl.gouv.qc.ca/,47.8184192,-69.5401882,1745790598,hospital,0
43401,ChIJf4n66MpAvkwR2miTI5-4xTw,Regional Hospital Du Grand-Portage,"75 Rue Saint-Henri, Rivière-du-Loup, QC G5R 2A4, Canada",Rivière-du-Loup,CA,QC,G5R 2A4,+1 418-868-1000,,hospital,https://www.cisss-bsl.gouv.qc.ca/,47.8184192,-69.5401882,1745790598,hospital,0
44679,ChIJbWUWrwjZlUwRQgYrfZ2TFuk,Centre de formation Rimouski-Neigette,"424 Av. Ross, Rimouski, QC G5L 5C7, Canada",Rimouski,CA,QC,G5L 5C7,+1 418-722-4922,,pharmacy,https://cfrn.cssphares.gouv.qc.ca/,48.4321698,-68.52363489999999,1745790598,pharmacy,0
47890,ChIJu6VhcMpAvkwRTsl147rRgdk,Fondation De La Maison Desjardins De Soins Palliatifs Du Krtb,"44 Rue de Chauffailles, Rivière-du-Loup, QC G5R 4E1, Canada",Rivière-du-Loup,CA,QC,G5R 4E1,+1 418-860-0240,,pharmacy,https://maisondesjardins.com/,47.8183249,-69.538021,1745790598,pharmacy,0
51004,ChIJL5FOuEXBlkwRi_mV9WSeeyc,Clinique d'hygiène dentaire Annie Dionne,"750 Av. du Phare O, Matane, QC G4W 3W8, Canada",Matane,CA,QC,G4W 3W8,+1 418-560-0360,,hospital,http://www.cliniqueanniedionne.com/,48.8528876,-67.535657,1745790598,hospital,0
51017,ChIJX7Ix7sbZlUwRX7kmeZhLIXg,Clinique d'hygiène dentaire Rimouski,"125 Bd René Lepage E #112, Rimouski, QC G5L 1N9, Canada",Rimouski,CA,QC,G5L 1N9,+1 418-732-8622,,hospital,https://karinelallemand.com/,48.45349,-68.5238281,1745790598,hospital,0
51018,ChIJX-8vQTCpl0wR_1w0MQw9FP0,Clinique d'hygiène dentaire Léonie B.Roy,"558 Rue Saint-Jacques N, Causapscal, QC G0J 1J0, Canada",Causapscal,CA,QC,G0J 1J0,+1 418-631-5807,,hospital,,48.3702824,-67.2386776,1745790598,hospital,0
52018,ChIJS_gRZ6z_lkwRCjEUj7prTTg,Johanne Villenuve,"115 Rue Leopold, Amqui, QC G5J 3K3, Canada",Amqui,CA,QC,G5J 3K3,+1 418-629-2061,,hospital,,48.46714370000001,-67.4415233,1745790598,hospital,0
52019,ChIJxRjl1rP_lkwREAu5DDoYnYQ,Clinique Visuelle d'Amqui,"6 Rue Proulx, Amqui, QC G5J 3G2, Canada",Amqui,CA,QC,G5J 3G2,+1 418-629-5873,,hospital,,48.4642326,-67.4335526,1745790598,hospital,0
52020,,,,,,,,,,,,,,1745790598,,0
52022,ChIJY8k07cjdvUwRYlR62JTfwMY,Clinique D'Optométrie Du Témis,"825 R. Commerciale N Unit 105, Témiscouata-sur-le-Lac, QC G0L 1E0, Canada",Témiscouata-sur-le-Lac,CA,QC,G0L 1E0,+1 418-854-2443,,hospital,,47.6836409,-68.8798022,1745790598,hospital,0
52023,ChIJrwVH_njHvUwRVVHCXArinK0,Serge Michaud OD,"328 3e Rue E, Dégelis, QC G5T 1W6, Canada",Dégelis,CA,QC,G5T 1W6,+1 418-853-3708,,hospital,,47.5500038,-68.65151019999999,1745790598,hospital,0
52024,ChIJO1c4JVL2vkwRGZ0swiFJcGM,Centre Visuel Saint-Pascal Inc,"269 Rue Taché, Saint-Pascal, QC G0L 3Y0, Canada",Saint-Pascal,CA,QC,G0L 3Y0,+1 418-492-1430,,hospital,https://www.centrevisuelstpascal.com/,47.5308783,-69.8118965,1745790598,hospital,0
52093,ChIJgfF3tdzAlkwRZEa9_UOeARs,Visique - Matane,"750 Av. du Phare O, Matane, QC G4W 3W8, Canada",Matane,CA,QC,G4W 3W8,+1 418-562-6656,,hospital,https://visique.com/pages/visique-matane,48.8528876,-67.535657,1745790598,hospital,0
52094,ChIJgfF3tdzAlkwRZEa9_UOeARs,Visique - Matane,"750 Av. du Phare O, Matane, QC G4W 3W8, Canada",Matane,CA,QC,G4W 3W8,+1 418-562-6656,,hospital,https://visique.com/pages/visique-matane,48.8528876,-67.535657,1745790598,hospital,0
52095,ChIJgfF3tdzAlkwRZEa9_UOeARs,Visique - Matane,"750 Av. du Phare O, Matane, QC G4W 3W8, Canada",Matane,CA,QC,G4W 3W8,+1 418-562-6656,,hospital,https://visique.com/pages/visique-matane,48.8528876,-67.535657,1745790598,hospital,0
52096,ChIJgfF3tdzAlkwRZEa9_UOeARs,Visique - Matane,"750 Av. du Phare O, Matane, QC G4W 3W8, Canada",Matane,CA,QC,G4W 3W8,+1 418-562-6656,,hospital,https://visique.com/pages/visique-matane,48.8528876,-67.535657,1745790598,hospital,0
52108,ChIJUUdzK1OHlkwRXKPGvIGtW4U,Opto-Réseau En Vue Mont-Joli,"1512 Bd Jacques - Cartier, Mont-Joli, QC G5H 2V4, Canada",Mont-Joli,CA,QC,G5H 2V4,+1 418-775-7236,,hospital,https://www.opto-reseau.com/fr/cliniques/clinique-en-vue-de-mont-joli,48.5876353,-68.1908559,1745790598,hospital,0
52109,ChIJUUdzK1OHlkwRXKPGvIGtW4U,Opto-Réseau En Vue Mont-Joli,"1512 Bd Jacques - Cartier, Mont-Joli, QC G5H 2V4, Canada",Mont-Joli,CA,QC,G5H 2V4,+1 418-775-7236,,hospital,https://www.opto-reseau.com/fr/cliniques/clinique-en-vue-de-mont-joli,48.5876353,-68.1908559,1745790598,hospital,0
52110,ChIJi8HxIVaHlkwRLFjEJVCI240,Visique - Mont-Joli,"1760 Bd Benoît-Gaboury, Mont-Joli, QC G5H 3S7, Canada",Mont-Joli,CA,QC,G5H 3S7,+1 418-775-3436,,hospital,https://visique.com/pages/visique-mont-joli,48.5793899,-68.1862427,1745790598,hospital,0
52111,ChIJQ0UIEZXZlUwREs3Sc6cWfjI,LASER PROVUE,"#7, 180 Rue des Gouverneurs, Rimouski, QC G5L 8G1, Canada",Rimouski,CA,QC,G5L 8G1,+1 418-723-5008,,hospital,http://www.laserprovue.com/,48.45587889999999,-68.5218158,1745790598,hospital,0
52112,ChIJzUOjAJjZlUwRWoF7McSRZ3Y,Clinique Visuelle de Rimouski,"53 Rue de l'Évêché O, Rimouski, QC G5L 4H4, Canada",Rimouski,CA,QC,G5L 4H4,+1 418-724-9822,,hospital,http://www.411sante.com/lunettes/bas-saint-laurent/rimouski-3/lunettes_rimouski_bas-saint-laurent_opticien_optometriste.htm,48.4474454,-68.52578129999999,1745790598,hospital,0
52113,ChIJqQyoeKTZlUwRuEcL2RPBU2s,Visique - Rimouski,"92 2e Rue O, Rimouski, QC G5L 8B3, Canada",Rimouski,CA,QC,G5L 8B3,+1 418-723-7127,,hospital,https://visique.com/pages/visique-rimouski,48.4432334,-68.52123259999999,1745790598,hospital,0
52114,ChIJmedUXObZlUwRVDEUM9lft_k,Boutique l'univers de la Coiffure,"419 Bd Jessop, Rimouski, QC G5L 7Y5, Canada",Rimouski,CA,QC,G5L 7Y5,+1 418-724-5008,,pharmacy,http://www.boutiqueetcoiffurenelsonfortin.com/,48.46801799999999,-68.5160499,1745790598,pharmacy,0
52115,ChIJlfXF0aTZlUwRNJ6jYnYgoIo,IRIS,"350 Av. de la Cathédrale, Rimouski, QC G5L 5K3, Canada",Rimouski,CA,QC,G5L 5K3,+1 418-723-3436,,hospital,https://iris.ca/fr/trouver-une-boutique/rimouski,48.4448375,-68.5171034,1745790598,hospital,0
52116,ChIJm2YoEqTZlUwReVcGONGgd1o,Bourget et Joly Optométristes,"92 2e Rue O, Rimouski, QC G5L 8B3, Canada",Rimouski,CA,QC,G5L 8B3,+1 418-723-7127,,hospital,,48.4433933,-68.52123329999999,1745790598,hospital,0
52117,ChIJoXUKS1JHvkwRH-o7ih0ZTBA,Opto-Réseau - Lemieux Vaillancourt,"324 Rue Lafontaine, Rivière-du-Loup, QC G5R 3B1, Canada",Rivière-du-Loup,CA,QC,G5R 3B1,+1 418-862-8703,,hospital,https://www.opto-reseau.com/cliniques/lemieux-vaillancourt-riviere-du-loup/,47.8323313,-69.536845,1745790598,hospital,0
52118,ChIJS9V19txHvkwRnl46Pu0Iyi8,Centre Visuel du KRT,"298 Bd Armand-Thériault, Rivière-du-Loup, QC G5R 4C2, Canada",Rivière-du-Loup,CA,QC,G5R 4C2,+1 418-862-7663,,hospital,https://www.centrevisuelkrt.com/,47.8242149,-69.54833529999999,1745790598,hospital,0
52817,ChIJqQyoeKTZlUwRuEcL2RPBU2s,Visique - Rimouski,"92 2e Rue O, Rimouski, QC G5L 8B3, Canada",Rimouski,CA,QC,G5L 8B3,+1 418-723-7127,,hospital,https://visique.com/pages/visique-rimouski,48.4432334,-68.52123259999999,1745790598,hospital,0
52822,ChIJJyoXurVHvkwRCRMeftQNIY8,"Brunet Clinique J-M. Fontaine, M. Boucher Simard, pharm. prop. Affiliés","24 Rue Frontenac, Rivière-du-Loup, QC G5R 1S5, Canada",Rivière-du-Loup,CA,QC,G5R 1S5,+1 418-862-6344,,hospital,http://www.cliniplusrdl.com/,47.82962690000001,-69.53474299999999,1745790598,hospital,0
52864,EiUxNSBBdi4gZHUgUGFyYywgQW1xdWksIFFDIEc1SiwgQ2FuYWRhIjASLgoUChIJJTVu17P_lkwRDGv8egXBkwQQDyoUChIJ-wwl_Ln_lkwR5xT3ENegG1A,15 Av. du Parc,"15 Av. du Parc, Amqui, QC G5J, Canada",Amqui,CA,QC,G5J,,,pharmacy,,48.4638079,-67.43321689999999,1745790598,pharmacy,0
52906,ChIJLananuHAlkwRZTux2PjhMNc,"Lise Fillion d.d., La Denturo de Matane","318 Av St-Jérôme, Matane, QC G4W 3A9, Canada",Matane,CA,QC,G4W 3A9,+1 418-562-5215,,hospital,http://www.ladenturo.com/,48.8453713,-67.5293143,1745790598,hospital,0
52948,ChIJqagBqED1lUwRH9TV8PdTB_Q,Clinique D'Optometrie P Rioux,"634 Rue Richard, Trois-Pistoles, QC G0L 4K0, Canada",Trois-Pistoles,CA,QC,G0L 4K0,+1 418-851-4056,,hospital,http://www.cliniqueoptometriepierrerioux.ca/,48.12141829999999,-69.1653036,1745790598,hospital,0
52998,ChIJz9ZgX-DAlkwRD_NS1-ZAtsc,Denis Gauthier OD,"346 Av St-Jérôme, Matane, QC G4W 3B1, Canada",Matane,CA,QC,G4W 3B1,,,hospital,,48.84591080000001,-67.52924349999999,1745790598,hospital,0
53160,ChIJmedUXObZlUwR7wiSHESC-nA,Greiche & Scaff Rimouski,"419 Bd Jessop #391-392, Rimouski, QC G5L 7Y5, Canada",Rimouski,CA,QC,G5L 7Y5,+1 418-721-5050,,hospital,https://www.greiche-scaff.com/fr/stores/store/index/id/361/,48.46713039999999,-68.5119064,1745790598,hospital,0
53173,ChIJm2YoEqTZlUwReVcGONGgd1o,Bourget et Joly Optométristes,"92 2e Rue O, Rimouski, QC G5L 8B3, Canada",Rimouski,CA,QC,G5L 8B3,+1 418-723-7127,,hospital,,48.4433933,-68.52123329999999,1745790598,hospital,0
53234,ChIJRRQNWE1HvkwRKEKP56qRmNc,Clinique Visuelle Au Coin De L'Oeil,"30 Rue Frontenac, Rivière-du-Loup, QC G5R 1S5, Canada",Rivière-du-Loup,CA,QC,G5R 1S5,+1 418-862-0220,,hospital,https://aucoindeloeil.ca/,47.82944579999999,-69.53488519999999,1745790598,hospital,0
53245,ChIJuyyMMOF_vkwR4Crldotsh14,Quincaillerie des Frontieres Hardware,"1172 Rue Principale, Pohénégamook, QC G0L 1J0, Canada",Pohénégamook,CA,QC,G0L 1J0,+1 418-859-2901,,clinic,,47.4577146,-69.2281337,1745790598,clinic,0
53297,ChIJ6Z5wBprZlUwRaRum8N3c9TE,Groupe Architecture MB Inc.,"140 Rue St Germain O bureau 201, Rimouski, QC G5L 4B5, Canada",Rimouski,CA,QC,G5L 4B5,+1 418-721-3185,,pharmacy,https://www.rivearchitecture.ca/,48.44880200000001,-68.5341936,1745790598,pharmacy,0
53301,ChIJ-YiFNZfZlUwRBXGo56NhnFQ,Pascale Rousseau Opticienne,"95 Rue St Germain O, Rimouski, QC G5L 4B6, Canada",Rimouski,CA,QC,G5L 4B6,+1 418-723-4846,,hospital,http://www.pascalerousseauopticienne.com/,48.4494891,-68.53232059999999,1745790598,hospital,0
53305,ChIJWcXqZUlHvkwRlQisYo-2KMA,Centre commercial Rivière-du-Loup,"298 Bd Armand-Thériault, Rivière-du-Loup, QC G5R 4C2, Canada",Rivière-du-Loup,CA,QC,G5R 4C2,+1 418-862-7848,,pharmacy,http://www.centrecommercialrdl.ca/,47.8238202,-69.5470638,1745790598,pharmacy,0
53396,ChIJXYk77trlvkwRmfHgr9HoHgU,IRIS Optométristes et Opticiens - La Pocatière,"615 4e Avenue Painchaud, La Pocatière, QC G0R 1Z0, Canada",La Pocatière,CA,QC,G0R 1Z0,+1 418-856-1522,,hospital,https://iris.ca/fr/trouver-une-boutique/la-pocatiere,47.3695332,-70.03584740000001,1745790598,hospital,0
53512,ChIJ_Zs_gErZlUwRgDSikxmfCAE,Walmart Supercentre,"415 Mnt Industrielle-et-Commerciale, Rimouski, QC G5M 1Y1, Canada",Rimouski,CA,QC,G5M 1Y1,+1 418-722-1990,,pharmacy,https://www.walmart.ca/en/stores-near-me/rimouski-store-3198?utm_source=local&utm_medium=listings&utm_campaign=sc&cmpid=gmb,48.4537309,-68.4978742,1745790598,pharmacy,0
53684,ChIJQ0UIEZXZlUwREs3Sc6cWfjI,LASER PROVUE,"#7, 180 Rue des Gouverneurs, Rimouski, QC G5L 8G1, Canada",Rimouski,CA,QC,G5L 8G1,+1 418-723-5008,,hospital,http://www.laserprovue.com/,48.45587889999999,-68.5218158,1745790598,hospital,0
54046,ChIJ-0d75FNHvkwRJe4ms8F-9lc,Centre Médical De Riviere-Du-Loup Inc,"35 Rue St Louis #305, Rivière-du-Loup, QC G5R 2V3, Canada",Rivière-du-Loup,CA,QC,G5R 2V3,+1 418-862-3110,,hospital,https://www.gmflafontaine.com/,47.8328828,-69.53458429999999,1745790598,hospital,0
54060,ChIJ3QPMmbP_lkwRRJwA3OE_-y8,Centre Medical De La Vallee,"22 Rue du Pont, Amqui, QC G5J 3T5, Canada",Amqui,CA,QC,G5J 3T5,+1 418-629-6611,,hospital,,48.46510099999999,-67.430995,1745790598,hospital,0
54061,ChIJJeR7Unaol0wRtXJ-OomqqF0,Clinique Jacynthe Vallee,"34 Rue St Jean-Baptiste, Causapscal, QC G0J 1J0, Canada",Causapscal,CA,QC,G0J 1J0,+1 418-756-3421,,hospital,,48.3548546,-67.2250851,1745790598,hospital,0
54062,ChIJG4_YyFXxlkwRpfmsrU7v4gA,CLSC De La Vallee,"7 Rue Saindon, Sayabec, QC G0J 3K0, Canada",Sayabec,CA,QC,G0J 3K0,+1 418-536-5404,,hospital,https://www.cisss-bsl.gouv.qc.ca/,48.5645713,-67.6871871,1745790598,hospital,0
54112,ChIJKwq3KZrZlUwRsZazrR20ZUY,Clinique de Médecine Familiale,"201-160 Rue de l'Évêché O, Rimouski, QC G5L 9H4, Canada",Rimouski,CA,QC,G5L 9H4,+1 418-723-5272,,hospital,,48.44499949999999,-68.53007869999999,1745790598,hospital,0
54133,ChIJGw9Er1JHvkwRCaYivhBTILg,Clinique Medicale Frontenac,"24 Rue Frontenac, Rivière-du-Loup, QC G5R 1S5, Canada",Rivière-du-Loup,CA,QC,G5R 1S5,+1 418-862-0333,,hospital,,47.8296873,-69.5347032,1745790598,hospital,0
54134,ChIJ-abCUd47vkwRlOof2SNT5kI,Clinique Medicale Cacouna,"535 Rue du Patrimoine, Cacouna, QC G0L 1G0, Canada",Cacouna,CA,QC,G0L 1G0,+1 418-862-2170,,hospital,https://www.bonjour-sante.ca/Repertoire/M%C3%A9decins%20de%20famille/Cacouna/,47.909274,-69.50865879999999,1745790598,hospital,0
54187,ChIJq6HZqa6AlkwRac-9V0PsJHA,Clinique Médicale de Mont-Joli Enr,"1385 Bd Benoît-Gaboury, Mont-Joli, QC G5H 4B1, Canada",Mont-Joli,CA,QC,G5H 4B1,+1 418-775-5353,,hospital,https://cisss-bsl.gouv.qc.ca/,48.587429,-68.197941,1745790598,hospital,0
54190,ChIJ5ax2c237vUwR97GYAdHYDT4,Clinique Medicale-Squatec,"149-B Rue Saint-Joseph, Squatec, QC G0L 4H0, Canada",Saint-Michel-du-Squatec,CA,QC,G0L 4H0,+1 418-855-2233,,hospital,http://www.cisss-bsl.gouv.qc.ca/,47.8818225,-68.71969419999999,1745790598,hospital,0
54191,ChIJ98o07cjdvUwRx_Jx4iI-hv4,Clinique Medicale Cabano,"825 R. Commerciale N bureau 101, Témiscouata-sur-le-Lac, QC G0L 1E0, Canada",Témiscouata-sur-le-Lac,CA,QC,G0L 1E0,+1 418-854-2762,,hospital,https://bonjour-sante.ca/uno/clinique/cmcabano,47.6836409,-68.87980209999999,1745790598,hospital,0
54192,ChIJY6W0sZ7EvUwRe8fBMt9CSUE,GMF De Temiscouata,"2387 Rue Commerciale S, Témiscouata-sur-le-Lac, QC G0L 1X0, Canada",Témiscouata-sur-le-Lac,CA,QC,G0L 1X0,+1 418-899-6703,,hospital,https://www.cisss-bsl.gouv.qc.ca/noindex-services/gmf-hopital-de-notre-dame-du-lac,47.6136679,-68.7991382,1745790598,hospital,0
54292,ChIJlw1dbyDBlkwRYmJoQNTsuag,Clinique Médicale St-Rédempteur,"226 Rue Thibault, Matane, QC G4W 2V9, Canada",Matane,CA,QC,G4W 2V9,+1 418-562-6133,,hospital,,48.84778149999999,-67.522965,1745790598,hospital,0
54293,ChIJD_bNeSbBlkwRsrjTXA6J7XM,Clinique Medicale De Matane,"548 Av. du Phare E, Matane, QC G4W 1A7, Canada",Matane,CA,QC,G4W 1A7,+1 418-562-4530,,hospital,https://sante.gouv.qc.ca/repertoire-ressources/ressource/?nofiche=42068,48.8525654,-67.512269,1745790598,hospital,0
54298,ChIJq6HZqa6AlkwRac-9V0PsJHA,Clinique Médicale de Mont-Joli Enr,"1385 Bd Benoît-Gaboury, Mont-Joli, QC G5H 4B1, Canada",Mont-Joli,CA,QC,G5H 4B1,+1 418-775-5353,,hospital,https://cisss-bsl.gouv.qc.ca/,48.587429,-68.197941,1745790598,hospital,0
54331,ChIJR46oCxbdlUwRVgsHuJmEpsg,GMF Du Fleuve,"139 Rue J.-Romuald-Bérubé, Rimouski, QC G0L 1B0, Canada",Rimouski,CA,QC,G0L 1B0,+1 418-736-4440,,hospital,http://www.sante.gouv.qc.ca/repertoire-ressources/ressource/?nofiche=30965,48.3731065,-68.7099008,1745790598,hospital,0
54375,ChIJwWD-19flvkwR4LnQvlusd9M,Dr Jean Hudon,"209 Rue de la Montagne, La Pocatière, QC G0R 1Z0, Canada",La Pocatière,CA,QC,G0R 1Z0,+1 418-856-4292,,hospital,https://bonjour-sante.ca/uno/clinique/drjeanhudon,47.3612406,-70.0497373,1745790598,hospital,0
54455,ChIJX1T8IVn_vUwRpnLt2SeB9t4,CLSC de Lac-des-Aigles,"69 Rue Principale, Lac-des-Aigles, QC G0K 1V0, Canada",Lac-des-Aigles,CA,QC,G0K 1V0,+1 418-779-2572,,clinic,http://www.cisss-bsl.gouv.qc.ca/,47.9883983,-68.6767052,1745790598,clinic,0
55004,ChIJ74ROPR3XlUwRAyryXy9gGqQ,Clinique Médicale du Phare,"822 Bd Sainte-Anne, Rimouski, QC G5M 1J5, Canada",Rimouski,CA,QC,G5M 1J5,+1 418-723-5135,,hospital,https://www.gmfdufleuve.com/clinique-medicale-du-phare,48.506237,-68.46664419999999,1745790598,hospital,0
55078,ChIJ4bOvxAfZlUwRnUspfV-hhSo,Clinique Médicale Arthur-Buies,"351 Rue Alcide-C.-Horth, Rimouski, QC G5M 0K2, Canada",Rimouski,CA,QC,G5M 0K2,+1 418-722-6816,,hospital,https://www.sante.gouv.qc.ca/repertoire-ressources/ressource/?nofiche=40896,48.4502975,-68.5094622,1745790598,hospital,0
55134,ChIJaRWF1sPlvkwRthFadv0hlK4,Clinique Medicale La Pocatiere,"1200 6e Avenue Pilote, La Pocatière, QC G0R 1Z0, Canada",La Pocatière,CA,QC,G0R 1Z0,+1 418-856-4647,,hospital,https://gmfkamouraska.com/,47.37237589999999,-70.0281416,1745790598,hospital,0
55182,ChIJFYOafNXolUwRRPKwwnPZsV4,Clinique médicale de St-Fabien,"115 1ère Rue, Saint-Fabien, QC G0L 2Z0, Canada",Saint-Fabien,CA,QC,G0L 2Z0,+1 418-869-2142,,hospital,https://www.gmfdufleuve.com/clinique-medicale-de-st-fabien,48.29577599999999,-68.86620669999999,1745790598,hospital,0
55188,ChIJm3th3nDFlkwRQodQ-k4msvs,La Cooperative Solidarite Sante Des Gens D'Ici,"200 Bd Perron, Sainte-Félicité, QC G0J 2K0, Canada",Sainte-Félicité,CA,QC,G0J 2K0,+1 418-733-1337,,hospital,https://bonjour-sante.ca/uno/clinique/coopsolidaritesdesgensdici,48.9013061,-67.3380966,1745790598,hospital,0
55189,ChIJu4r4vFD2vkwRsE4iN7P38mE,Clinique Medicale St-Pascal,"565 Rue Taché, Saint-Pascal, QC G0L 3Y0, Canada",Saint-Pascal,CA,QC,G0L 3Y0,+1 418-492-2148,,hospital,https://gmfkamouraska.com/,47.5267791,-69.8054885,1745790598,hospital,0
55230,ChIJj8v-4qLZlUwRuH8eINE2Y1Q,Clinique de Phlébologie Boisé Langevin,"288 Rue Pierre-Saindon, Rimouski, QC G5L 9A8, Canada",Rimouski,CA,QC,G5L 9A8,+1 418-724-4672,,hospital,,48.4448488,-68.5247826,1745790598,hospital,0
55264,ChIJSaZsoEHZlUwRs3PncWQmwNw,Centre de Pédiatrie sociale en communauté de Rimouski-Neigette,"202-A Rue Tessier, Rimouski, QC G5L 7R4, Canada",Rimouski,CA,QC,G5L 7R4,+1 418-722-0087,,clinic,https://lepetitrepere.ca/,48.4426098,-68.5344284,1745790598,clinic,0
55461,ChIJIf5-WThHvkwR0jcHFT--cok,Clinique Bordeleau,"186 Bd de l'Hôtel de Ville #2, Rivière-du-Loup, QC G5R 4S2, Canada",Rivière-du-Loup,CA,QC,G5R 4S2,+1 418-605-1100,,hospital,http://www.cliniquebordeleau.com/,47.83053379999999,-69.5456106,1745790598,hospital,0
55517,ChIJZTjc2WxBvkwR_rJvMjuqEpg,Clinique médicale St-Antonin,"78 B Rue Principale, Saint-Antonin, QC G0L 2J0, Canada",Saint-Antonin,CA,QC,G0L 2J0,+1 418-860-0666,,hospital,,47.783524,-69.46405969999999,1745790598,hospital,0
55553,ChIJIf5-WThHvkwR0jcHFT--cok,Clinique Bordeleau,"186 Bd de l'Hôtel de Ville #2, Rivière-du-Loup, QC G5R 4S2, Canada",Rivière-du-Loup,CA,QC,G5R 4S2,+1 418-605-1100,,hospital,http://www.cliniquebordeleau.com/,47.83053379999999,-69.5456106,1745790598,hospital,0
55577,ChIJBwApaWx-vkwR3d3XtPFwFJ8,CLINIQUE MÉDICALE POHÉNÉGAMOOK,"485 Rue St Vallier, Pohénégamook, QC G0L 1J0, Canada",Pohénégamook,CA,QC,G0L 1J0,+1 418-292-2020,,clinic,http://cliniquepohenegamook.com/,47.4875772,-69.2802004,1745790598,clinic,0
55615,ChIJR9YMbujAlkwRj2OM6Hin5to,Landry Serge Dr,"317 Rue Fournier, Matane, QC G4W 1Y1, Canada",Matane,CA,QC,G4W 1Y1,,,hospital,,48.8480595,-67.54129499999999,1745790598,hospital,0
55621,ChIJu4r4vFD2vkwRsE4iN7P38mE,Clinique Medicale St-Pascal,"565 Rue Taché, Saint-Pascal, QC G0L 3Y0, Canada",Saint-Pascal,CA,QC,G0L 3Y0,+1 418-492-2148,,hospital,https://gmfkamouraska.com/,47.5267791,-69.8054885,1745790598,hospital,0
55625,ChIJq6oeTuDAlkwRtOSlkJdzMIc,304 Av St-Jérôme,"304 Av St-Jérôme, Matane, QC G4W 3A9, Canada",Matane,CA,QC,G4W 3A9,,,pharmacy,,48.8450456,-67.5293595,1745790598,pharmacy,0
55640,ChIJ5Y-H3JXZlUwRw0IXB7Ed_hQ,Dumais Carol Dr,"180 Rue des Gouverneurs, Rimouski, QC G5L 7R2, Canada",Rimouski,CA,QC,G5L 7R2,+1 418-725-5233,,hospital,,48.4560131,-68.52189,1745790598,hospital,0
55675,ChIJvU64iJoNvkwR6axrIHrPUlY,Coop Santé Saint-Hubert,"23 Chem. Taché E, Saint-Hubert-de-Rivière-du-Loup, QC G0L 3L0, Canada",Saint-Hubert-de-Rivière-du-Loup,CA,QC,G0L 3L0,+1 418-497-3903,,hospital,https://coopsantesainthubert.ca/,47.81568739999999,-69.1464981,1745790598,hospital,0
55723,ChIJK9W-FbT_lkwRenEmVUac-Uw,Axe Chiropratique,"20 Rue Desbiens, Amqui, QC G5J 3P1, Canada",Amqui,CA,QC,G5J 3P1,+1 418-629-1244,,hospital,http://www.axesanteoptimale.com/,48.4651265,-67.4261939,1745790598,hospital,0
55789,ChIJBUqWkLFAvkwR7p54Xs_-VzU,Clinique Medicale St-Ludger,"48 Rue Témiscouata, Rivière-du-Loup, QC G5R 2X9, Canada",Rivière-du-Loup,CA,QC,G5R 2X9,+1 418-867-8262,,hospital,,47.82627400000001,-69.5271242,1745790598,hospital,0
55790,ChIJBUqWkLFAvkwR7p54Xs_-VzU,Clinique Medicale St-Ludger,"48 Rue Témiscouata, Rivière-du-Loup, QC G5R 2X9, Canada",Rivière-du-Loup,CA,QC,G5R 2X9,+1 418-867-8262,,hospital,,47.82627400000001,-69.5271242,1745790598,hospital,0
